"Username","Date","Time","Task Category","Short Title for your Task"
"undefined","2024.02.07","07:06:30","Code Documentation","Enter a Short Title for your Task*"
"undefined","2024.02.07","14:59:22","Code Generation","Enter a Short Title for your Task*"
"undefined","2024.02.07","15:27:18","Test Case Generation","Enter a Short Title for your Task*"
"undefined","2024.02.08","08:13:40","","Enter a Short Title for your Task*"
"undefined","2024.02.08","22:45:58","Code Generation","Enter a Short Title for your Task*"
"undefined","2024.02.08","22:48:28","Test Case Generation","Enter a Short Title for your Task*"
"undefined","2024.02.09","00:57:20","Test Case Generation","Enter a Short Title for your Task*"
"undefined","2024.02.09","10:56:59","Test Case Generation","Enter a Short Title for your Task*"
"undefined","2024.02.15","15:41:03","Code Generation","Enter a Short Title for your Task*"
"undefined","2024.02.19","16:22:06","Code Generation","Enter a Short Title for your Task*"
"undefined","2024.02.20","08:45:05","","Enter a Short Title for your Task*"
"undefined","2024.02.20","08:57:57","","Enter a Short Title for your Task*"
"undefined","2024.02.20","08:53:36","","Enter a Short Title for your Task*"
"undefined","2024.02.20","09:07:46","","Enter a Short Title for your Task*"
"undefined","2024.02.20","09:00:02","","Enter a Short Title for your Task*"
"undefined","2024.02.20","09:08:41","","Enter a Short Title for your Task*"
"undefined","2024.02.20","09:08:51","","Enter a Short Title for your Task*"
"undefined","2024.02.20","09:09:09","","Enter a Short Title for your Task*"
"undefined","2024.02.20","09:09:59","","Enter a Short Title for your Task*"
"undefined","2024.02.20","09:12:28","","Enter a Short Title for your Task*"
"undefined","2024.02.20","09:28:43","","Enter a Short Title for your Task*"
"undefined","2024.02.20","14:02:50","","Enter a Short Title for your Task*"
"undefined","2024.02.20","14:14:41","Test Case Generation","Enter a Short Title for your Task*"
"undefined","2024.02.21","06:53:57","Code Conversion","Enter a Short Title for your Task*"
"undefined","2024.02.21","11:44:42","","Enter a Short Title for your Task*"
"undefined","2024.02.21","11:47:08","","Enter a Short Title for your Task*"
"undefined","2024.02.21","14:29:31","","Enter a Short Title for your Task*"
"undefined","2024.02.21","14:35:58","","Enter a Short Title for your Task*"
"undefined","2024.02.21","14:38:49","Test Case Generation","Enter a Short Title for your Task*"
"undefined","2024.02.21","15:36:20","Test Case Generation","Enter a Short Title for your Task*"
"undefined","2024.02.22","05:18:48","Test Case Generation","Enter a Short Title for your Task*"
"undefined","2024.02.22","05:22:05","","Enter a Short Title for your Task*"
"undefined","2024.02.22","09:48:57","","Enter a Short Title for your Task*"
"undefined","2024.02.22","14:53:20","","Enter a Short Title for your Task*"
"undefined","2024.02.22","15:39:44","","Enter a Short Title for your Task*"
"undefined","2024.02.23","08:46:59","","Enter a Short Title for your Task*"
"undefined","2024.02.23","10:23:37","","Enter a Short Title for your Task*"
"undefined","2024.02.23","15:11:14","","Enter a Short Title for your Task*"
"undefined","2024.02.23","15:15:49","","Enter a Short Title for your Task*"
"undefined","2024.02.23","15:52:40","","Enter a Short Title for your Task*"
"undefined","2024.02.23","16:05:13","","Enter a Short Title for your Task*"
"undefined","2024.02.23","16:07:09","","Enter a Short Title for your Task*"
"undefined","2024.02.23","16:08:09","","Enter a Short Title for your Task*"
"undefined","2024.02.26","06:36:02","","Enter a Short Title for your Task*"
"undefined","2024.02.26","06:55:47","","Enter a Short Title for your Task*"
"undefined","2024.02.26","06:57:10","","Enter a Short Title for your Task*"
"undefined","2024.02.26","07:10:30","","Enter a Short Title for your Task*"
"undefined","2024.02.26","07:13:25","","Enter a Short Title for your Task*"
"undefined","2024.02.26","16:06:26","","Enter a Short Title for your Task*"
"undefined","2024.02.26","16:34:24","","Enter a Short Title for your Task*"
"undefined","2024.02.26","16:34:33","","Enter a Short Title for your Task*"
"undefined","2024.02.26","16:58:40","","Enter a Short Title for your Task*"
"undefined","2024.02.27","06:45:42","","Enter a Short Title for your Task*"
"undefined","2024.02.27","12:27:06","","Enter a Short Title for your Task*"
"undefined","2024.02.27","12:39:36","","Enter a Short Title for your Task*"
"undefined","2024.02.27","14:49:52","","Enter a Short Title for your Task*"
"undefined","2024.02.27","14:57:06","Test Case Generation","Enter a Short Title for your Task*"
"undefined","2024.02.27","15:44:18","","Enter a Short Title for your Task*"
"undefined","2024.02.27","15:44:40","","Enter a Short Title for your Task*"
"undefined","2024.02.27","15:59:47","","Enter a Short Title for your Task*"
"undefined","2024.02.27","16:04:47","","Enter a Short Title for your Task*"
"undefined","2024.02.27","16:05:31","","Enter a Short Title for your Task*"
"undefined","2024.02.27","19:20:48","Test Case Generation","Enter a Short Title for your Task*"
"undefined","2024.02.27","20:02:46","Test Case Generation","Enter a Short Title for your Task*"
"undefined","2024.02.27","20:18:15","Test Case Generation","Enter a Short Title for your Task*"
"undefined","2024.02.28","01:39:43","Test Case Generation","Enter a Short Title for your Task*"
"undefined","2024.02.28","05:11:07","","Enter a Short Title for your Task*"
"undefined","2024.02.28","05:14:36","","Enter a Short Title for your Task*"
"undefined","2024.02.28","06:43:06","","Enter a Short Title for your Task*"
"undefined","2024.02.28","07:14:01","","Enter a Short Title for your Task*"
"undefined","2024.02.28","07:18:29","","Enter a Short Title for your Task*"
"undefined","2024.02.28","07:19:39","","Enter a Short Title for your Task*"
"undefined","2024.02.28","07:32:43","","Enter a Short Title for your Task*"
"undefined","2024.02.28","07:36:23","","Enter a Short Title for your Task*"
"undefined","2024.02.28","08:36:46","","Enter a Short Title for your Task*"
"undefined","2024.02.28","08:37:24","","Enter a Short Title for your Task*"
"undefined","2024.02.28","08:41:11","","Enter a Short Title for your Task*"
"undefined","2024.02.28","08:43:32","","Enter a Short Title for your Task*"
"undefined","2024.02.28","08:43:55","","Enter a Short Title for your Task*"
"undefined","2024.02.28","08:57:42","","Enter a Short Title for your Task*"
"undefined","2024.02.28","08:58:57","","Enter a Short Title for your Task*"
"undefined","2024.02.28","08:59:07","","Enter a Short Title for your Task*"
"undefined","2024.02.28","09:02:32","","Enter a Short Title for your Task*"
"undefined","2024.02.28","09:07:25","","Enter a Short Title for your Task*"
"undefined","2024.02.28","09:26:54","","Enter a Short Title for your Task*"
"undefined","2024.02.28","09:27:03","","Enter a Short Title for your Task*"
"undefined","2024.02.28","09:27:30","","Enter a Short Title for your Task*"
"undefined","2024.02.28","09:45:22","","Enter a Short Title for your Task*"
"undefined","2024.02.28","09:46:40","","Enter a Short Title for your Task*"
"undefined","2024.02.28","09:47:28","","Enter a Short Title for your Task*"
"undefined","2024.02.28","09:48:45","","Enter a Short Title for your Task*"
"undefined","2024.02.28","09:49:14","","Enter a Short Title for your Task*"
"undefined","2024.02.28","09:54:38","","Enter a Short Title for your Task*"
"undefined","2024.02.28","09:55:12","","Enter a Short Title for your Task*"
"undefined","2024.02.28","09:50:39","","Enter a Short Title for your Task*"
"undefined","2024.02.28","10:00:04","","Enter a Short Title for your Task*"
"undefined","2024.02.28","10:02:14","","Enter a Short Title for your Task*"
"undefined","2024.02.28","10:03:54","","Enter a Short Title for your Task*"
"undefined","2024.02.28","10:07:43","","Enter a Short Title for your Task*"
"undefined","2024.02.28","10:09:17","","Enter a Short Title for your Task*"
"undefined","2024.02.28","10:12:54","","Enter a Short Title for your Task*"
"undefined","2024.02.28","10:14:37","","Enter a Short Title for your Task*"
"undefined","2024.02.28","10:18:37","","Enter a Short Title for your Task*"
"undefined","2024.02.28","10:20:30","","Enter a Short Title for your Task*"
"undefined","2024.02.28","10:21:22","","Enter a Short Title for your Task*"
"undefined","2024.02.28","10:22:47","","Enter a Short Title for your Task*"
"undefined","2024.02.28","10:23:02","","Enter a Short Title for your Task*"
"undefined","2024.02.28","10:37:25","","Enter a Short Title for your Task*"
"undefined","2024.02.28","14:21:27","","Enter a Short Title for your Task*"
"undefined","2024.02.28","14:23:53","","Enter a Short Title for your Task*"
"undefined","2024.02.28","14:32:57","","Enter a Short Title for your Task*"
"undefined","2024.02.28","14:38:41","Test Case Generation","Enter a Short Title for your Task*"
"undefined","2024.02.28","14:41:43","Code Generation","Enter a Short Title for your Task*"
"undefined","2024.02.28","15:02:12","","Enter a Short Title for your Task*"
"undefined","2024.02.28","15:03:55","","Enter a Short Title for your Task*"
"undefined","2024.02.28","15:32:04","","Enter a Short Title for your Task*"
"undefined","2024.02.28","15:41:42","","Enter a Short Title for your Task*"
"undefined","2024.02.28","16:55:56","Test Case Generation","Enter a Short Title for your Task*"
"undefined","2024.02.28","19:36:37","Test Case Generation","Enter a Short Title for your Task*"
"undefined","2024.02.28","20:36:07","Test Case Generation","Enter a Short Title for your Task*"
"undefined","2024.02.28","23:27:12","Test Case Generation","Enter a Short Title for your Task*"
"undefined","2024.02.29","05:31:47","","Enter a Short Title for your Task*"
"undefined","2024.02.29","05:40:27","","Enter a Short Title for your Task*"
"undefined","2024.02.29","05:42:30","","Enter a Short Title for your Task*"
"undefined","2024.02.29","06:32:24","","Enter a Short Title for your Task*"
"undefined","2024.02.29","09:14:54","","Enter a Short Title for your Task*"
"undefined","2024.02.29","14:18:35","","Enter a Short Title for your Task*"
"undefined","2024.02.29","14:19:33","","Enter a Short Title for your Task*"
"undefined","2024.02.29","14:39:32","","Enter a Short Title for your Task*"
"undefined","2024.02.29","14:44:28","","Enter a Short Title for your Task*"
"undefined","2024.02.29","15:30:14","Test Case Generation","Enter a Short Title for your Task*"
"undefined","2024.02.29","15:35:06","","Enter a Short Title for your Task*"
"undefined","2024.02.29","16:55:30","","Enter a Short Title for your Task*"
"undefined","2024.02.29","16:53:19","","Enter a Short Title for your Task*"
"undefined","2024.02.29","17:17:42","","Enter a Short Title for your Task*"
"undefined","2024.02.29","17:26:14","Test Case Generation","Enter a Short Title for your Task*"
"undefined","2024.02.29","17:58:34","","Enter a Short Title for your Task*"
"undefined","2024.03.01","02:55:56","Test Case Generation","Enter a Short Title for your Task*"
"Test1","2024.03.01","05:33:15","","Enter a Short Title for your Task*"
"Test1","2024.03.01","05:51:20","","Enter a Short Title for your Task*"
"Test1","2024.03.01","09:09:25","Code Generation","Enter a Short Title for your Task*"
"Test1","2024.03.01","09:36:12","Code Refactoring","Enter a Short Title for your Task*"
"undefined","2024.03.01","10:12:40","Code Generation","Enter a Short Title for your Task*"
"Test1","2024.03.01","12:35:07","Test Case Generation","Enter a Short Title for your Task*"
"Test1","2024.03.01","12:54:27","Test Case Generation","Enter a Short Title for your Task*"
"Test1","2024.03.01","13:00:14","Code Conversion","Enter a Short Title for your Task*"
"Test1","2024.03.01","13:46:28","Code Conversion","Enter a Short Title for your Task*"
"Test1","2024.03.01","13:58:27","Code Conversion","Enter a Short Title for your Task*"
"Test1","2024.03.01","14:21:14","Code Conversion","Enter a Short Title for your Task*"
"Test1","2024.03.01","14:34:10","Code Conversion","Enter a Short Title for your Task*"
"Test1","2024.03.01","14:46:48","Code Conversion","Enter a Short Title for your Task*"
"Test1","2024.03.01","14:53:56","Code Conversion","Enter a Short Title for your Task*"
"undefined","2024.03.02","15:22:25","Others","Enter a Short Title for your Task*"
"Test1","2024.03.04","05:14:43","Code Conversion","Enter a Short Title for your Task*"
"Test1","2024.03.04","05:29:22","Code Generation","Enter a Short Title for your Task*"
"Test1","2024.03.04","05:43:03","Code Generation","Enter a Short Title for your Task*"
"Test1","2024.03.04","05:45:02","Code Generation","Enter a Short Title for your Task*"
"Test1","2024.03.04","05:45:42","Code Generation","Enter a Short Title for your Task*"
"Test1","2024.03.04","05:45:56","Code Conversion","Enter a Short Title for your Task*"
"Test1","2024.03.04","05:46:12","Code Generation","Enter a Short Title for your Task*"
"Test1","2024.03.04","06:14:55","Code Generation","Enter a Short Title for your Task*"
"Test1","2024.03.04","06:25:51","Test Case Generation","Enter a Short Title for your Task*"
"Test1","2024.03.04","06:29:23","Code Generation","Enter a Short Title for your Task*"
"Test1","2024.03.04","06:33:47","Code Generation","Enter a Short Title for your Task*"
"Test1","2024.03.04","06:36:45","Code Generation","Enter a Short Title for your Task*"
"Test1","2024.03.04","09:06:02","Code Generation","Enter a Short Title for your Task*"
"Test1","2024.03.04","10:22:44","Code Generation","Enter a Short Title for your Task*"
"Test1","2024.03.04","10:44:30","Code Generation","Enter a Short Title for your Task*"
"Test1","2024.03.04","10:54:44","Code Conversion","Enter a Short Title for your Task*"
"Test1","2024.03.04","12:22:12","Test Case Generation","Enter a Short Title for your Task*"
"Test1","2024.03.05","03:52:45","Code Generation","Enter a Short Title for your Task*"
